t,B
0.0,0.0
0.00048828125,-0.0032020271618950894
0.0009765625,-0.007292007821078476
0.00146484375,-0.012719276628578089
0.001953125,-0.011544320943894891
0.00244140625,-0.015494752331950495
0.0029296875,-0.018401848457850412
0.00341796875,-0.018129866114809365
0.00390625,-0.020621076504822318
0.00439453125,-0.015580327448171082
0.0048828125,-0.015461350208954333
0.00537109375,-0.01928689288147531
0.005859375,-0.02461488694927729
0.00634765625,-0.01830259866550636
0.0068359375,-0.014664462270315651
0.00732421875,-0.011220409006677657
0.0078125,-0.01018608093848892
0.00830078125,-0.002358369554130907
0.0087890625,0.009131584976014379
0.00927734375,0.012223674605585901
0.009765625,0.01969471051116814
0.01025390625,0.022246584579852045
0.0107421875,0.022587492246525502
0.01123046875,0.023004572387170272
0.01171875,0.019219121096959137
0.01220703125,0.01746403337710373
0.0126953125,0.020519020423529096
0.01318359375,0.02222544559719735
0.013671875,0.01893708781915712
0.01416015625,0.020045286698117462
0.0146484375,0.018891540417203433
0.01513671875,0.016138864257760174
0.015625,0.020755360092151585
0.01611328125,0.025861780976247875
0.0166015625,0.02227898938658169
0.01708984375,0.018767882913437242
0.017578125,0.02365709126465797
0.01806640625,0.027120134358187324
0.0185546875,0.029908057610443337
0.01904296875,0.03360261836305229
0.01953125,0.03642745017413793
0.02001953125,0.03710338234261057
0.0205078125,0.0364239385909418
0.02099609375,0.04190374964883805
0.021484375,0.0419993405845296
0.02197265625,0.046157945989970105
0.0224609375,0.04628997713505733
0.02294921875,0.0476944290476468
0.0234375,0.04941756508283033
0.02392578125,0.04758167754055123
0.0244140625,0.051781672729848544
0.02490234375,0.050173092503799394
0.025390625,0.04995229200982886
0.02587890625,0.049676343229083784
0.0263671875,0.05589232927428816
0.02685546875,0.05708631505684361
0.02734375,0.06128283862307906
0.02783203125,0.058117175171243284
0.0283203125,0.057835025666804714
0.02880859375,0.0632281479176425
0.029296875,0.06279513567134325
0.02978515625,0.05610036413138038
0.0302734375,0.048399818209891865
0.03076171875,0.03629458122902446
0.03125,0.03775981038735611
0.03173828125,0.03895942705042938
0.0322265625,0.04262224652552605
0.03271484375,0.044277793211127084
0.033203125,0.044544254374200155
0.03369140625,0.04629001939882161
0.0341796875,0.04352197005091202
0.03466796875,0.04467967785034267
0.03515625,0.04569602356647642
0.03564453125,0.044725281612560924
0.0361328125,0.04391015906389757
0.03662109375,0.0473625686593765
0.037109375,0.046688070630354905
0.03759765625,0.05629133901811277
0.0380859375,0.05782814124362875
0.03857421875,0.06149246394463775
0.0390625,0.06379108759399042
0.03955078125,0.06306923019598333
0.0400390625,0.0611145792201856
0.04052734375,0.0575476147153979
0.041015625,0.057101224932751826
0.04150390625,0.05738258964928651
0.0419921875,0.0563831420065387
0.04248046875,0.058380169110333203
0.04296875,0.062400666397395506
0.04345703125,0.0668534720483817
0.0439453125,0.06852777561897193
0.04443359375,0.07785753258730564
0.044921875,0.07614562840281344
0.04541015625,0.07572546011168904
0.0458984375,0.0751276839553138
0.04638671875,0.06899342812176262
0.046875,0.06727331090764606
0.04736328125,0.06718962413560535
0.0478515625,0.0648449553536197
0.04833984375,0.06078193252061827
0.048828125,0.05581146659691458
0.04931640625,0.058221540635837565
0.0498046875,0.05945376491574169
0.05029296875,0.060767875756721865
0.05078125,0.06035949460463782
0.05126953125,0.0651460148359827
0.0517578125,0.06549496427358435
0.05224609375,0.059894503636629584
0.052734375,0.05835853589389344
0.05322265625,0.05262125096375649
0.0537109375,0.055105411673102477
0.05419921875,0.05284909708478352
0.0546875,0.04844462012575803
0.05517578125,0.049436850927262875
0.0556640625,0.05238927549690007
0.05615234375,0.053403892849758654
0.056640625,0.054004183894458206
0.05712890625,0.048551926411925454
0.0576171875,0.05010770381060536
0.05810546875,0.049189891750274044
0.05859375,0.046503609559018375
0.05908203125,0.0523816730339163
0.0595703125,0.05523762240458981
0.06005859375,0.05104615163426125
0.060546875,0.04209092364693362
0.06103515625,0.04117903295436957
0.0615234375,0.04323203777585717
0.06201171875,0.0394791109029656
0.0625,0.03580384580852675
0.06298828125,0.033602821883643046
0.0634765625,0.038160568892306915
0.06396484375,0.036553214270569234
0.064453125,0.03792999306054517
0.06494140625,0.04520033075921915
0.0654296875,0.04691787761418028
0.06591796875,0.049516921658508725
0.06640625,0.047842259266957704
0.06689453125,0.05072140158621175
0.0673828125,0.056871898832081304
0.06787109375,0.05762781744785128
0.068359375,0.05543195354615854
0.06884765625,0.05382114667101895
0.0693359375,0.05480331912835467
0.06982421875,0.05422122340458265
0.0703125,0.05960803720755624
0.07080078125,0.05803965170281344
0.0712890625,0.06085376079208003
0.07177734375,0.0619278390727601
0.072265625,0.06092063075315424
0.07275390625,0.056608463045845527
0.0732421875,0.045599321077782626
0.07373046875,0.04167086015920257
0.07421875,0.04541944276505041
0.07470703125,0.044230148878498333
0.0751953125,0.04078306984823957
0.07568359375,0.036958286869226475
0.076171875,0.03427707288240402
0.07666015625,0.03951874190935679
0.0771484375,0.04376848407267496
0.07763671875,0.043443766947305576
0.078125,0.04928686422720917
0.07861328125,0.048735803564095743
0.0791015625,0.05205264428218729
0.07958984375,0.05409542432391805
0.080078125,0.04631892170207494
0.08056640625,0.04128252355532335
0.0810546875,0.04065048315030569
0.08154296875,0.046646006093196045
0.08203125,0.04953243221038751
0.08251953125,0.05626309505196331
0.0830078125,0.056647886003648305
0.08349609375,0.05595813933193999
0.083984375,0.05620427688022733
0.08447265625,0.05490751838143114
0.0849609375,0.05954752953422947
0.08544921875,0.06321843454584171
0.0859375,0.07273457033145932
0.08642578125,0.07211512778832393
0.0869140625,0.06090337117469229
0.08740234375,0.060319272518243185
0.087890625,0.06720858125075557
0.08837890625,0.06573339978194229
0.0888671875,0.0682592387613597
0.08935546875,0.06263572056639222
0.08984375,0.0652507055387866
0.09033203125,0.06365101409230714
0.0908203125,0.06288212724854221
0.09130859375,0.06181818548049369
0.091796875,0.06377003003684095
0.09228515625,0.06461347102634953
0.0927734375,0.06742762287841898
0.09326171875,0.07348575752524425
0.09375,0.07522130687109754
0.09423828125,0.0798482136373933
0.0947265625,0.08491105374493428
0.09521484375,0.09260438342375278
0.095703125,0.09043902274960391
0.09619140625,0.08519632349497488
0.0966796875,0.08300985695776468
0.09716796875,0.07747434523976458
0.09765625,0.07938101897553243
0.09814453125,0.0869612624342271
0.0986328125,0.08746267494566994
0.09912109375,0.08855776865108743
0.099609375,0.08916683026500251
0.10009765625,0.08852705477721969
0.1005859375,0.09071004662816202
0.10107421875,0.09458586602378226
0.1015625,0.09788497874598312
0.10205078125,0.09406825197068362
0.1025390625,0.08656534719976744
0.10302734375,0.08765575279710441
0.103515625,0.090181035639498
0.10400390625,0.09033958738409167
0.1044921875,0.0909909218375909
0.10498046875,0.09764113982871359
0.10546875,0.1063817884410914
0.10595703125,0.10755619384376723
0.1064453125,0.1078851119387521
0.10693359375,0.10575212712033764
0.107421875,0.1019211296017443
0.10791015625,0.09905282376762332
0.1083984375,0.09952567430253112
0.10888671875,0.10381052963833245
0.109375,0.0970181387654769
0.10986328125,0.09696813693092683
0.1103515625,0.0950812934575325
0.11083984375,0.09094034864840277
0.111328125,0.09144178615447503
0.11181640625,0.10424415319925434
0.1123046875,0.10975707687324665
0.11279296875,0.11407511777527445
0.11328125,0.11004616533390303
0.11376953125,0.10732651435824594
0.1142578125,0.10209550520475383
0.11474609375,0.10101089919261134
0.115234375,0.10111587462978781
0.11572265625,0.10502575012226148
0.1162109375,0.1043570924429483
0.11669921875,0.1090183154928695
0.1171875,0.11618236989107504
0.11767578125,0.11078088905366261
0.1181640625,0.10462174345545533
0.11865234375,0.09890049676495585
0.119140625,0.0973469896914086
0.11962890625,0.09215042077624684
0.1201171875,0.08847204617641156
0.12060546875,0.09226003778708561
0.12109375,0.09920260676729267
0.12158203125,0.09656898224638032
0.1220703125,0.09681096252680546
0.12255859375,0.09619547537527576
0.123046875,0.09788000126565932
0.12353515625,0.09915498475369651
0.1240234375,0.10030894640009672
0.12451171875,0.09982530137758339
0.125,0.09720697896951631
0.12548828125,0.09855388417248899
0.1259765625,0.09882553809624146
0.12646484375,0.10562434991714749
0.126953125,0.10890723914536196
0.12744140625,0.10532662968600916
0.1279296875,0.09588732425461605
0.12841796875,0.09208708892526096
0.12890625,0.08547342144282852
0.12939453125,0.08621251488979685
0.1298828125,0.0845210612625085
0.13037109375,0.08103979072060279
0.130859375,0.08543738230591079
0.13134765625,0.08805623983862455
0.1318359375,0.09143045743610412
0.13232421875,0.09263914852811792
0.1328125,0.09480633776296436
0.13330078125,0.09860237844526228
0.1337890625,0.10108485011981307
0.13427734375,0.10221949512816403
0.134765625,0.10449883769693354
0.13525390625,0.1017485315610441
0.1357421875,0.10258667502712583
0.13623046875,0.10159433605577185
0.13671875,0.09250646188326254
0.13720703125,0.08886983468573208
0.1376953125,0.08611566802492474
0.13818359375,0.08453636173918858
0.138671875,0.09021301118967708
0.13916015625,0.09001877737020093
0.1396484375,0.09370500060285131
0.14013671875,0.09936244092255003
0.140625,0.10868680431409301
0.14111328125,0.10828402919557722
0.1416015625,0.10711761013420958
0.14208984375,0.09932907304005716
0.142578125,0.09620928558489353
0.14306640625,0.10252132956715183
0.1435546875,0.1031970572710996
0.14404296875,0.10489148653382896
0.14453125,0.10251771180822336
0.14501953125,0.10145088297771018
0.1455078125,0.10385642025657087
0.14599609375,0.11038335161814122
0.146484375,0.11725378568281057
0.14697265625,0.12489844384360094
0.1474609375,0.12924240875500326
0.14794921875,0.13050860867155675
0.1484375,0.13058110446056367
0.14892578125,0.12778459757312863
0.1494140625,0.12891420592658928
0.14990234375,0.128327140441479
0.150390625,0.12675659433078845
0.15087890625,0.12924426909774708
0.1513671875,0.12970573240526753
0.15185546875,0.13104541258134125
0.15234375,0.12992538083142618
0.15283203125,0.12778003668292853
0.1533203125,0.12924414195459735
0.15380859375,0.1263046034600172
0.154296875,0.12630497522040698
0.15478515625,0.12722052803607992
0.1552734375,0.12563868878217377
0.15576171875,0.12600189805595685
0.15625,0.1288700171162294
0.15673828125,0.13225951825149432
0.1572265625,0.139546298778767
0.15771484375,0.1414865815152069
0.158203125,0.14088129281844872
0.15869140625,0.13626657526076136
0.1591796875,0.1348198976944518
0.15966796875,0.13411816525226106
0.16015625,0.13721555926613058
0.16064453125,0.1358564594161558
0.1611328125,0.13197413187740575
0.16162109375,0.13007510132679537
0.162109375,0.1324733722495797
0.16259765625,0.13604275463538046
0.1630859375,0.13404824219727443
0.16357421875,0.1327476633069334
0.1640625,0.1365745140300236
0.16455078125,0.13617134519853874
0.1650390625,0.13422659713117246
0.16552734375,0.13160719940532553
0.166015625,0.13509983032613768
0.16650390625,0.13723855304248014
0.1669921875,0.1425459526944117
0.16748046875,0.14542671145336136
0.16796875,0.1442763763903523
0.16845703125,0.14782742346629701
0.1689453125,0.13997270770466103
0.16943359375,0.13976210649464693
0.169921875,0.14389660596687032
0.17041015625,0.14733409545205856
0.1708984375,0.14798238109692313
0.17138671875,0.15549024981463097
0.171875,0.1563680487318278
0.17236328125,0.15961261763438447
0.1728515625,0.1610885814365393
0.17333984375,0.16789761441580156
0.173828125,0.16547305387944777
0.17431640625,0.16548180686756445
0.1748046875,0.1682454770541342
0.17529296875,0.16531151742785422
0.17578125,0.16680444631940072
0.17626953125,0.16643228633021462
0.1767578125,0.1658301307192211
0.17724609375,0.16888839295017916
0.177734375,0.16107286106825947
0.17822265625,0.15863017225190293
0.1787109375,0.15638021610521688
0.17919921875,0.1568222940318221
0.1796875,0.1511386501184231
0.18017578125,0.15103096272670782
0.1806640625,0.14784765032786157
0.18115234375,0.1467861597269676
0.181640625,0.14219025879087058
0.18212890625,0.13751814616656674
0.1826171875,0.13239217300370962
0.18310546875,0.13187647342190584
0.18359375,0.13009451495719454
0.18408203125,0.12655608043416855
0.1845703125,0.12396255242047848
0.18505859375,0.1273578569628383
0.185546875,0.1277045849541726
0.18603515625,0.1359082171075525
0.1865234375,0.12902356652689984
0.18701171875,0.12848605582396105
0.1875,0.13357320098054168
0.18798828125,0.13620199385265677
0.1884765625,0.13470236887087617
0.18896484375,0.13501834504533064
0.189453125,0.1338565334061743
0.18994140625,0.1305067137731285
0.1904296875,0.12565077806378172
0.19091796875,0.12880264687562762
0.19140625,0.13164691711828708
0.19189453125,0.13333220747396857
0.1923828125,0.13359228215945937
0.19287109375,0.1351127591234777
0.193359375,0.13012150329164288
0.19384765625,0.12755944530360544
0.1943359375,0.1278448045527268
0.19482421875,0.12532673591259913
0.1953125,0.1269720009835782
0.19580078125,0.12227048498600467
0.1962890625,0.12409883370329707
0.19677734375,0.12390352678581623
0.197265625,0.12810744299939714
0.19775390625,0.13331980649450598
0.1982421875,0.1358612980029048
0.19873046875,0.1352742355296848
0.19921875,0.13370551563556646
0.19970703125,0.12867346520390016
0.2001953125,0.12447583030383366
0.20068359375,0.12495832323097203
0.201171875,0.11433506651367235
0.20166015625,0.10851880130902129
0.2021484375,0.10619082418580586
0.20263671875,0.10728573045878528
0.203125,0.10455468563651947
0.20361328125,0.09884689189907653
0.2041015625,0.09682252146415542
0.20458984375,0.09761756620820648
0.205078125,0.09574531042998086
0.20556640625,0.08991541735196842
0.2060546875,0.09107272790086363
0.20654296875,0.09226305173193441
0.20703125,0.0964395239911117
0.20751953125,0.10370638505358995
0.2080078125,0.09998962633915295
0.20849609375,0.1019399513084012
0.208984375,0.10014426598354119
0.20947265625,0.09764325299297688
0.2099609375,0.08771426706376186
0.21044921875,0.08304151486847974
0.2109375,0.07949440241875083
0.21142578125,0.07862972724323973
0.2119140625,0.07170913478044717
0.21240234375,0.07220198106373822
0.212890625,0.07412316958805404
0.21337890625,0.087180293736232
0.2138671875,0.08803080709172541
0.21435546875,0.08621797602803238
0.21484375,0.0899727711710841
0.21533203125,0.09298989978580788
0.2158203125,0.09502033943754162
0.21630859375,0.09930627503051896
0.216796875,0.10494501427230163
0.21728515625,0.11038386874493625
0.2177734375,0.11556948625795785
0.21826171875,0.11909306409843237
0.21875,0.12720482883477804
0.21923828125,0.13094194115849725
0.2197265625,0.1336944003673598
0.22021484375,0.13379518189590783
0.220703125,0.13766636089282097
0.22119140625,0.1410133000389164
0.2216796875,0.144853876173318
0.22216796875,0.14299180180676363
0.22265625,0.1439819240157299
0.22314453125,0.1446202975188509
0.2236328125,0.14794156243053952
0.22412109375,0.15096244177539167
0.224609375,0.15034726146689484
0.22509765625,0.1534981794591938
0.2255859375,0.1560263894454402
0.22607421875,0.16120076768186553
0.2265625,0.1658526531120395
0.22705078125,0.16818128232413782
0.2275390625,0.1673952482122958
0.22802734375,0.17454025023878503
0.228515625,0.1767306773558853
0.22900390625,0.18516406153928075
0.2294921875,0.18621177577660342
0.22998046875,0.1944745719436733
0.23046875,0.1964502184046525
0.23095703125,0.19057709686443167
0.2314453125,0.1905898119536902
0.23193359375,0.19234123916310936
0.232421875,0.19686914024142182
0.23291015625,0.20295609947721174
0.2333984375,0.20317203778615814
0.23388671875,0.20362411267883726
0.234375,0.20784566188961315
0.23486328125,0.2045252108804856
0.2353515625,0.2036779906410818
0.23583984375,0.19814089071379543
0.236328125,0.19676838135316013
0.23681640625,0.19996125545920054
0.2373046875,0.2035913670100877
0.23779296875,0.20466245681668419
0.23828125,0.20363812210110793
0.23876953125,0.2063523097136193
0.2392578125,0.20239747266165745
0.23974609375,0.20619746168630157
0.240234375,0.21064713309637847
0.24072265625,0.20869177470970424
0.2412109375,0.20923545214860714
0.24169921875,0.20995039900782825
0.2421875,0.2163871874491162
0.24267578125,0.21987020196620105
0.2431640625,0.22162974100366514
0.24365234375,0.22245988051236693
0.244140625,0.22219934199056557
0.24462890625,0.22547444395897617
0.2451171875,0.2281256768697783
0.24560546875,0.2301883089582802
0.24609375,0.22753669609592256
0.24658203125,0.22902672945609592
0.2470703125,0.22850142380705873
0.24755859375,0.2328152571996032
0.248046875,0.23384404034890602
0.24853515625,0.23784859912829032
0.2490234375,0.23144372641996913
0.24951171875,0.2240329001936061
0.25,0.22017789287046327
0.25048828125,0.22549506750051568
0.2509765625,0.2297984984872617
0.25146484375,0.23400537754302037
0.251953125,0.23552430717527748
0.25244140625,0.235298347793699
0.2529296875,0.23397282655481352
0.25341796875,0.23287925292406125
0.25390625,0.22383702663314292
0.25439453125,0.22499529612483468
0.2548828125,0.2255901641624205
0.25537109375,0.2225606150775718
0.255859375,0.21881196661225136
0.25634765625,0.21821910984980963
0.2568359375,0.20941215416487652
0.25732421875,0.20605010404202984
0.2578125,0.21213949783615832
0.25830078125,0.21976543531891252
0.2587890625,0.2224554972574411
0.25927734375,0.21841373530245461
0.259765625,0.21935792841680718
0.26025390625,0.22497929158494415
0.2607421875,0.22591066748982708
0.26123046875,0.22666922609449291
0.26171875,0.22950647077406436
0.26220703125,0.23071796957175877
0.2626953125,0.22928681673893678
0.26318359375,0.23058585396238576
0.263671875,0.22677098895326442
0.26416015625,0.22648427942802873
0.2646484375,0.22867037575662869
0.26513671875,0.22676554287577544
0.265625,0.22942004026259802
0.26611328125,0.23485852786053535
0.2666015625,0.24016153632455337
0.26708984375,0.2467610700759391
0.267578125,0.25108791176760376
0.26806640625,0.25725339337543573
0.2685546875,0.2605278896747273
0.26904296875,0.26310945394805796
0.26953125,0.26702347014569333
0.27001953125,0.271860067973495
0.2705078125,0.2762296461554751
0.27099609375,0.280023019323354
0.271484375,0.28322908597234264
0.27197265625,0.29093411002960723
0.2724609375,0.2871339897804678
0.27294921875,0.27531672161376364
0.2734375,0.27035136444789054
0.27392578125,0.27557619137150385
0.2744140625,0.2797561703131755
0.27490234375,0.2883873291669742
0.275390625,0.29341975628681144
0.27587890625,0.29462506919157544
0.2763671875,0.28966277935494955
0.27685546875,0.2887234101331438
0.27734375,0.2907581821766519
0.27783203125,0.28593120644857
0.2783203125,0.2809448511904062
0.27880859375,0.2718410947860466
0.279296875,0.2712898101665954
0.27978515625,0.2741305760154457
0.2802734375,0.26959443213503764
0.28076171875,0.26625221304543883
0.28125,0.263861218462505
0.28173828125,0.2571276492026662
0.2822265625,0.25400896915958826
0.28271484375,0.2535310886340059
0.283203125,0.25875463174281926
0.28369140625,0.2536981956546895
0.2841796875,0.24452626928683774
0.28466796875,0.24403418931983703
0.28515625,0.24004883690290263
0.28564453125,0.23831207283383654
0.2861328125,0.24280201602923565
0.28662109375,0.24103260593308343
0.287109375,0.23853335464190173
0.28759765625,0.24013926610125752
0.2880859375,0.24028038524057643
0.28857421875,0.23966522555746123
0.2890625,0.23675563057668605
0.28955078125,0.2375765103597037
0.2900390625,0.22928880061362816
0.29052734375,0.2176993187845301
0.291015625,0.21688866530680082
0.29150390625,0.2154170140638288
0.2919921875,0.21371429789213897
0.29248046875,0.21072630484777033
0.29296875,0.20487065644195554
0.29345703125,0.20198685961715204
0.2939453125,0.20179245210750074
0.29443359375,0.2002878647776264
0.294921875,0.19686022916745707
0.29541015625,0.197350831686935
0.2958984375,0.19760443438564063
0.29638671875,0.19629596910954972
0.296875,0.19794686820192023
0.29736328125,0.19146644851025782
0.2978515625,0.19305173901372943
0.29833984375,0.2010258768818221
0.298828125,0.20435184267169443
0.29931640625,0.20582171774008887
0.2998046875,0.20321416002033235
0.30029296875,0.2084090935780203
0.30078125,0.2026609097030902
0.30126953125,0.19796779439994047
0.3017578125,0.1939887558676812
0.30224609375,0.19400806906691073
0.302734375,0.20234125079168638
0.30322265625,0.20160912861043273
0.3037109375,0.2032139656296344
0.30419921875,0.20313740469066469
0.3046875,0.2109462164174969
0.30517578125,0.217188475745359
0.3056640625,0.21707658410568517
0.30615234375,0.22169376849072248
0.306640625,0.2210462363933645
0.30712890625,0.22531280500466752
0.3076171875,0.22611067869018478
0.30810546875,0.22666840847141345
0.30859375,0.23083168204176666
0.30908203125,0.2308300241053702
0.3095703125,0.23100360214003443
0.31005859375,0.22688893378479205
0.310546875,0.22275946085010448
0.31103515625,0.2244593841308059
0.3115234375,0.22408829470071107
0.31201171875,0.2280909758296442
0.3125,0.2290659049772148
0.31298828125,0.23082315729221936
0.3134765625,0.23392924944034665
0.31396484375,0.23907995443149407
0.314453125,0.23429252938761505
0.31494140625,0.23328433248965247
0.3154296875,0.2360395304169727
0.31591796875,0.24242506401463187
0.31640625,0.24911281530577178
0.31689453125,0.24957248049533698
0.3173828125,0.25023473840436833
0.31787109375,0.24889309431264783
0.318359375,0.24707287242965562
0.31884765625,0.252145280663738
0.3193359375,0.24309790378921417
0.31982421875,0.23371442833494613
0.3203125,0.22985545929693477
0.32080078125,0.2227775728170157
0.3212890625,0.22235947811528475
0.32177734375,0.2195464712320432
0.322265625,0.22441510499487835
0.32275390625,0.2274676736570111
0.3232421875,0.23629793464900611
0.32373046875,0.2351313701235371
0.32421875,0.23414521055494983
0.32470703125,0.23231618283064587
0.3251953125,0.22800972642555759
0.32568359375,0.22821527806311598
0.326171875,0.23274735591907023
0.32666015625,0.23564999487597968
0.3271484375,0.226188426017323
0.32763671875,0.22949166235116153
0.328125,0.23509257964436353
0.32861328125,0.23833933209600933
0.3291015625,0.23676223896945015
0.32958984375,0.23395082528051053
0.330078125,0.23372792683249416
0.33056640625,0.23207212458164467
0.3310546875,0.2309782857876207
0.33154296875,0.23321512165179367
0.33203125,0.23182674079098936
0.33251953125,0.2343238454314943
0.3330078125,0.23451882140516714
0.33349609375,0.23282764529661162
0.333984375,0.224933224912296
0.33447265625,0.2235606079652494
0.3349609375,0.22392503907740963
0.33544921875,0.22369823748890616
0.3359375,0.22859781064091753
0.33642578125,0.23557300306905385
0.3369140625,0.23433141620957396
0.33740234375,0.2398220628081166
0.337890625,0.2525729769199455
0.33837890625,0.25299947178010496
0.3388671875,0.24798137243323087
0.33935546875,0.24615861700782357
0.33984375,0.24307773039755717
0.34033203125,0.24434525855928813
0.3408203125,0.24245930639967012
0.34130859375,0.24302075330431785
0.341796875,0.23753334657358166
0.34228515625,0.23696164844340695
0.3427734375,0.23396818502898825
0.34326171875,0.23525572001261805
0.34375,0.2328688272723258
0.34423828125,0.23472043882849813
0.3447265625,0.23179193052904387
0.34521484375,0.23268774097463155
0.345703125,0.23347900852681572
0.34619140625,0.23634670881319025
0.3466796875,0.2302940099353236
0.34716796875,0.23924710120903936
0.34765625,0.2382168241357527
0.34814453125,0.23534497702578538
0.3486328125,0.23603567412807877
0.34912109375,0.24885873639510359
0.349609375,0.2534452903027258
0.35009765625,0.26272410828056864
0.3505859375,0.26365392912834773
0.35107421875,0.2656222552132979
0.3515625,0.2696050277935412
0.35205078125,0.26691184053121303
0.3525390625,0.2656716950055414
0.35302734375,0.26042569345937144
0.353515625,0.2584268166777607
0.35400390625,0.26009862717669124
0.3544921875,0.26448900015047105
0.35498046875,0.2576039622822667
0.35546875,0.26055745506786293
0.35595703125,0.2651698565444864
0.3564453125,0.27135686082681254
0.35693359375,0.2752527777136972
0.357421875,0.2734298988574578
0.35791015625,0.2727260882908679
0.3583984375,0.2722948838437014
0.35888671875,0.2752669075987067
0.359375,0.27435347738135285
0.35986328125,0.2724109004082551
0.3603515625,0.278987966239306
0.36083984375,0.2830854395952226
0.361328125,0.279590672677754
0.36181640625,0.27649590182780065
0.3623046875,0.2800851812147497
0.36279296875,0.2789634245011587
0.36328125,0.28503420708235594
0.36376953125,0.29306131416958175
0.3642578125,0.29932638439723924
0.36474609375,0.30010653073506344
0.365234375,0.30365469525818645
0.36572265625,0.3042136020184402
0.3662109375,0.30403148006615377
0.36669921875,0.3036403487026569
0.3671875,0.29845424533526055
0.36767578125,0.29699235584389805
0.3681640625,0.30221019460942233
0.36865234375,0.30039239083976815
0.369140625,0.2958504053087446
0.36962890625,0.2878989537143163
0.3701171875,0.28355726092703715
0.37060546875,0.28527603385883193
0.37109375,0.2811421154898212
0.37158203125,0.27773607992298893
0.3720703125,0.2757572067097806
0.37255859375,0.2755734372780064
0.373046875,0.27274997703641823
0.37353515625,0.2778006755102915
0.3740234375,0.2845568844794376
0.37451171875,0.2786095103465753
0.375,0.2795784463956019
0.37548828125,0.2807562280826353
0.3759765625,0.28307959623172013
0.37646484375,0.28503096683534707
0.376953125,0.28329239308871107
0.37744140625,0.2806640597669503
0.3779296875,0.2859523301797978
0.37841796875,0.285113949900019
0.37890625,0.2865285091796835
0.37939453125,0.2890119871018447
0.3798828125,0.2904637134614447
0.38037109375,0.290672184006204
0.380859375,0.2928789023487197
0.38134765625,0.2999433309283584
0.3818359375,0.30464430459524383
0.38232421875,0.30520702560454693
0.3828125,0.3062471707076712
0.38330078125,0.31439493092654447
0.3837890625,0.31492606103652804
0.38427734375,0.31902014831627085
0.384765625,0.3217157450532866
0.38525390625,0.32481073786985676
0.3857421875,0.32097491915457593
0.38623046875,0.32142297833400135
0.38671875,0.3249216983945549
0.38720703125,0.3249278139939372
0.3876953125,0.3235004742806325
0.38818359375,0.32977008919188255
0.388671875,0.33443624719910336
0.38916015625,0.3403833833719072
0.3896484375,0.33849797280280763
0.39013671875,0.33705917501859617
0.390625,0.33814083644662984
0.39111328125,0.3371464027954925
0.3916015625,0.3385276001083399
0.39208984375,0.33850443425288546
0.392578125,0.34128309184057026
0.39306640625,0.34346150872812337
0.3935546875,0.3422850789300472
0.39404296875,0.34649007618058675
0.39453125,0.35207324574589377
0.39501953125,0.3571083818940183
0.3955078125,0.3595786892010532
0.39599609375,0.3568206793081654
0.396484375,0.35561302179257387
0.39697265625,0.3591177151851119
0.3974609375,0.36634315454289146
0.39794921875,0.36839041479212065
0.3984375,0.3744777111720614
0.39892578125,0.3765606752243735
0.3994140625,0.37465980518876274
0.39990234375,0.3753574722382436
0.400390625,0.37588897114344333
0.40087890625,0.3791388191509775
0.4013671875,0.3776768581939601
0.40185546875,0.37991963245325866
0.40234375,0.3802076474411668
0.40283203125,0.38086975734541695
0.4033203125,0.37646654295812826
0.40380859375,0.38125610523705533
0.404296875,0.38239129399311234
0.40478515625,0.38246464662887764
0.4052734375,0.37853414638523725
0.40576171875,0.37198092253916337
0.40625,0.3760213456119691
0.40673828125,0.37291989478711685
0.4072265625,0.3700897818725404
0.40771484375,0.36605012652520746
0.408203125,0.36134142942149905
0.40869140625,0.3610882749509871
0.4091796875,0.3593497662464889
0.40966796875,0.36347990695409466
0.41015625,0.36416748861356724
0.41064453125,0.3583259618291714
0.4111328125,0.3547088829755537
0.41162109375,0.3578796776218233
0.412109375,0.35753748496350246
0.41259765625,0.35884072285285834
0.4130859375,0.3652349333014724
0.41357421875,0.3678514338399152
0.4140625,0.3710001807272276
0.41455078125,0.3697690155514894
0.4150390625,0.3687274796466355
0.41552734375,0.37347701182889936
0.416015625,0.3760312522243286
0.41650390625,0.3734331429109406
0.4169921875,0.37447698602485097
0.41748046875,0.37354186244119725
0.41796875,0.37669732352039637
0.41845703125,0.3768844026134321
0.4189453125,0.37800138792045523
0.41943359375,0.38156783564395136
0.419921875,0.3862001657183074
0.42041015625,0.3956512105408113
0.4208984375,0.3973194221580365
0.42138671875,0.3938576900998727
0.421875,0.39923195411117257
0.42236328125,0.3989737877097666
0.4228515625,0.3933401707358166
0.42333984375,0.3957565859156679
0.423828125,0.396438033210497
0.42431640625,0.3963640191533564
0.4248046875,0.3968629766307371
0.42529296875,0.3979591367275664
0.42578125,0.3978575477128997
0.42626953125,0.39883627054936105
0.4267578125,0.4042828650857389
0.42724609375,0.40627522575516123
0.427734375,0.40774039206029766
0.42822265625,0.4063303640208058
0.4287109375,0.3987697354012847
0.42919921875,0.4009234200269136
0.4296875,0.38957541371410115
0.43017578125,0.38592056017496323
0.4306640625,0.38244123728811463
0.43115234375,0.38331918216795774
0.431640625,0.37991041921736785
0.43212890625,0.3872860435731001
0.4326171875,0.3899198346944118
0.43310546875,0.3969135572012269
0.43359375,0.39864681799830515
0.43408203125,0.40512445814226455
0.4345703125,0.40402990150110224
0.43505859375,0.40816423052943707
0.435546875,0.4120831327234633
0.43603515625,0.4137534867386869
0.4365234375,0.41561124216087986
0.43701171875,0.417320732113981
0.4375,0.41433945102596054
0.43798828125,0.4153576183482596
0.4384765625,0.41966470484791707
0.43896484375,0.4229896743283847
0.439453125,0.42391288189383924
0.43994140625,0.42991673935965735
0.4404296875,0.4347845858846839
0.44091796875,0.42856868523765895
0.44140625,0.42484344472676905
0.44189453125,0.4185561751120518
0.4423828125,0.4170662734928641
0.44287109375,0.4157522139955374
0.443359375,0.42128720113235446
0.44384765625,0.42199993734479985
0.4443359375,0.4243824679077661
0.44482421875,0.4219510741070861
0.4453125,0.422185227067481
0.44580078125,0.4211992793326271
0.4462890625,0.41926358735093555
0.44677734375,0.4154185268471305
0.447265625,0.4126850304032208
0.44775390625,0.41618578718321175
0.4482421875,0.4154681751601977
0.44873046875,0.4131688487827001
0.44921875,0.4065543048840117
0.44970703125,0.409502588430547
0.4501953125,0.4098770230640448
0.45068359375,0.4062559367578569
0.451171875,0.4121235578811327
0.45166015625,0.41671100525385174
0.4521484375,0.41898192081246866
0.45263671875,0.41993268887872337
0.453125,0.42251496799915444
0.45361328125,0.41994017068008194
0.4541015625,0.4197008997340826
0.45458984375,0.41987244196532336
0.455078125,0.4222412001274049
0.45556640625,0.4293864369329995
0.4560546875,0.4318798096173198
0.45654296875,0.43630983001547485
0.45703125,0.43587089403893275
0.45751953125,0.43113486851400523
0.4580078125,0.42357386824839277
0.45849609375,0.4170309755835078
0.458984375,0.4098200014142038
0.45947265625,0.4076922812512614
0.4599609375,0.40831313034363664
0.46044921875,0.41606049218228336
0.4609375,0.42584504450193145
0.46142578125,0.43694047004333386
0.4619140625,0.4394056754854995
0.46240234375,0.4420983022507244
0.462890625,0.4448414196007184
0.46337890625,0.4476388181128231
0.4638671875,0.44817331445618463
0.46435546875,0.44742302774213877
0.46484375,0.4483272727643351
0.46533203125,0.4468426237518311
0.4658203125,0.4442440094304907
0.46630859375,0.4498842083496572
0.466796875,0.4485646454337489
0.46728515625,0.4442844522268804
0.4677734375,0.43756956185503665
0.46826171875,0.4378875345118597
0.46875,0.43816257981288836
0.46923828125,0.4343939759699566
0.4697265625,0.43617477613168154
0.47021484375,0.4340048876773799
0.470703125,0.4351633337085449
0.47119140625,0.43175669336752903
0.4716796875,0.4296037487930637
0.47216796875,0.4344355210737355
0.47265625,0.43641683925778957
0.47314453125,0.4386398787044048
0.4736328125,0.4371432674988402
0.47412109375,0.43431256655882317
0.474609375,0.4366968417383448
0.47509765625,0.44355863572425247
0.4755859375,0.44020618952089685
0.47607421875,0.43321926382729925
0.4765625,0.428259136218279
0.47705078125,0.425482943578736
0.4775390625,0.42780371456935784
0.47802734375,0.43029020000452806
0.478515625,0.4372840862872216
0.47900390625,0.44241898870154633
0.4794921875,0.4516215921257678
0.47998046875,0.45525468600049745
0.48046875,0.4574718404211805
0.48095703125,0.4568684113511306
0.4814453125,0.4536240141125175
0.48193359375,0.45331322418452147
0.482421875,0.45868905686739864
0.48291015625,0.46143782403399347
0.4833984375,0.46707735521165217
0.48388671875,0.46893162489615964
0.484375,0.4641613664450693
0.48486328125,0.4652540534507893
0.4853515625,0.4687316579342314
0.48583984375,0.47018586313470595
0.486328125,0.4626032427856775
0.48681640625,0.460292233033606
0.4873046875,0.4599263718735542
0.48779296875,0.46869493740443846
0.48828125,0.4687795832733592
0.48876953125,0.46642015309233437
0.4892578125,0.4644229649143866
0.48974609375,0.45709038670495855
0.490234375,0.4590364822934651
0.49072265625,0.45683883645742135
0.4912109375,0.45208303650042636
0.49169921875,0.44812305894591326
0.4921875,0.448196120858644
0.49267578125,0.44674756595951415
0.4931640625,0.4419292251547541
0.49365234375,0.4354768141237116
0.494140625,0.4360526977621485
0.49462890625,0.43267223590546033
0.4951171875,0.4341765562360909
0.49560546875,0.43150443286974033
0.49609375,0.433455575747442
0.49658203125,0.4346650139087476
0.4970703125,0.44097253890920723
0.49755859375,0.44499116737937894
0.498046875,0.4420863677912576
0.49853515625,0.4426051786829852
0.4990234375,0.44258036236896636
0.49951171875,0.44174436487930924
0.5,0.4423296596938346
0.50048828125,0.44055390057034266
0.5009765625,0.4363168754590903
0.50146484375,0.43925827169955955
0.501953125,0.43564511996192345
0.50244140625,0.43755642923592175
0.5029296875,0.43406791053485483
0.50341796875,0.44009000527348546
0.50390625,0.4381729412967453
0.50439453125,0.442922898504031
0.5048828125,0.4491666989244412
0.50537109375,0.4577055343761821
0.505859375,0.45718227194728384
0.50634765625,0.4524526254506726
0.5068359375,0.4503793626672619
0.50732421875,0.44960033505765395
0.5078125,0.4430553651254847
0.50830078125,0.4444894740995016
0.5087890625,0.4439232043318315
0.50927734375,0.4475012376200442
0.509765625,0.4516946634161473
0.51025390625,0.4530724675782811
0.5107421875,0.4575504713108694
0.51123046875,0.46560788864806973
0.51171875,0.47445735170901504
0.51220703125,0.48117637133377217
0.5126953125,0.48164841632377237
0.51318359375,0.47716376772130853
0.513671875,0.474360564455506
0.51416015625,0.4701802032518926
0.5146484375,0.4638348328711961
0.51513671875,0.4608331481171445
0.515625,0.4577046517268333
0.51611328125,0.45613351478268727
0.5166015625,0.46133186523560815
0.51708984375,0.4621215820249624
0.517578125,0.4670497475598818
0.51806640625,0.4627233756334861
0.5185546875,0.4583649575772954
0.51904296875,0.45619763907889577
0.51953125,0.4597527062313835
0.52001953125,0.45980036608522157
0.5205078125,0.4572379113754183
0.52099609375,0.4546096838234975
0.521484375,0.4620049748602063
0.52197265625,0.4719444562428542
0.5224609375,0.46886379349367197
0.52294921875,0.4727041923175954
0.5234375,0.4753878906599115
0.52392578125,0.47665288491058283
0.5244140625,0.4806390314632492
0.52490234375,0.47982292650936936
0.525390625,0.4780863138111733
0.52587890625,0.4802509460995028
0.5263671875,0.4826596998421956
0.52685546875,0.4876197080113714
0.52734375,0.4865113124218806
0.52783203125,0.4848616479616733
0.5283203125,0.4825860544488225
0.52880859375,0.48307931107786223
0.529296875,0.4844075573166621
0.52978515625,0.48001114871702893
0.5302734375,0.47957238575918204
0.53076171875,0.4793416166800863
0.53125,0.4811181835022181
0.53173828125,0.4819160553819922
0.5322265625,0.4755509991100402
0.53271484375,0.48088842863129083
0.533203125,0.4833854090275492
0.53369140625,0.48094841020426554
0.5341796875,0.48323345289803427
0.53466796875,0.479764498028795
0.53515625,0.4809216087514914
0.53564453125,0.47912434381012436
0.5361328125,0.48522832894232854
0.53662109375,0.4931751001139066
0.537109375,0.4990645073842407
0.53759765625,0.4973821028168515
0.5380859375,0.4995587605170197
0.53857421875,0.5023643758227576
0.5390625,0.49897476022729276
0.53955078125,0.4966684169833948
0.5400390625,0.5013262792189538
0.54052734375,0.5052686302897889
0.541015625,0.5145220765263733
0.54150390625,0.5175575943395662
0.5419921875,0.521715093523016
0.54248046875,0.5201769291580686
0.54296875,0.5274389952532796
0.54345703125,0.5343870827496301
0.5439453125,0.5391848466941146
0.54443359375,0.5416290672311772
0.544921875,0.5433315896641289
0.54541015625,0.539689238686101
0.5458984375,0.5357658230512461
0.54638671875,0.5349070589665885
0.546875,0.5402407341176236
0.54736328125,0.5413735978973201
0.5478515625,0.5395335368418686
0.54833984375,0.5370990443401877
0.548828125,0.5390450660966443
0.54931640625,0.5454739238815174
0.5498046875,0.5520138431551193
0.55029296875,0.5550531451597033
0.55078125,0.553444248828897
0.55126953125,0.5504981892939266
0.5517578125,0.5452732597748444
0.55224609375,0.5453681324846019
0.552734375,0.5428956616244054
0.55322265625,0.5495430315138581
0.5537109375,0.5552700088520708
0.55419921875,0.5566153819581751
0.5546875,0.558080560542795
0.55517578125,0.553162616999962
0.5556640625,0.5502870988127334
0.55615234375,0.551611975442956
0.556640625,0.5478264412797683
0.55712890625,0.5535158162249493
0.5576171875,0.5558331697852342
0.55810546875,0.557592518609654
0.55859375,0.5596514242293217
0.55908203125,0.5582506781111306
0.5595703125,0.5647166848379778
0.56005859375,0.5713381036935838
0.560546875,0.5723480426762331
0.56103515625,0.5714675794093409
0.5615234375,0.5759821980628455
0.56201171875,0.5795741624640481
0.5625,0.5800206170723983
0.56298828125,0.5847287577221569
0.5634765625,0.5847419160418442
0.56396484375,0.5850808877219261
0.564453125,0.5866984858040949
0.56494140625,0.5892300638783218
0.5654296875,0.5878382380224656
0.56591796875,0.5911289778334297
0.56640625,0.5938764902514831
0.56689453125,0.5996407873118031
0.5673828125,0.6023046309179456
0.56787109375,0.6010544602143535
0.568359375,0.6015135166430399
0.56884765625,0.600884439107246
0.5693359375,0.6070690694556781
0.56982421875,0.6134458302162915
0.5703125,0.6172053778194941
0.57080078125,0.6145080797406369
0.5712890625,0.6141748326974702
0.57177734375,0.6154580947726587
0.572265625,0.6177388025412912
0.57275390625,0.6225857926968956
0.5732421875,0.6255497432158755
0.57373046875,0.6251825006005091
0.57421875,0.6261899923530873
0.57470703125,0.628327756689144
0.5751953125,0.6292078740860328
0.57568359375,0.6261993475786622
0.576171875,0.6251098567049151
0.57666015625,0.629999603540219
0.5771484375,0.6385568738863332
0.57763671875,0.6375067863387605
0.578125,0.6290328956456065
0.57861328125,0.6335143909920673
0.5791015625,0.6370320903153501
0.57958984375,0.6455573515183879
0.580078125,0.6484848869917749
0.58056640625,0.6498461492264282
0.5810546875,0.6420895235511833
0.58154296875,0.6460798563985521
0.58203125,0.6463101031566783
0.58251953125,0.6453504376045011
0.5830078125,0.6490201442904199
0.58349609375,0.6483444025431504
0.583984375,0.6463739915839011
0.58447265625,0.6494621608552029
0.5849609375,0.6472729727775093
0.58544921875,0.655265280213499
0.5859375,0.6593373892435993
0.58642578125,0.6642795766484416
0.5869140625,0.6725336844774916
0.58740234375,0.667291087658521
0.587890625,0.6684853377589062
0.58837890625,0.6696612799458621
0.5888671875,0.675878856717345
0.58935546875,0.6803959947411828
0.58984375,0.683304801969392
0.59033203125,0.6827533017744023
0.5908203125,0.683083870695677
0.59130859375,0.6883175601647432
0.591796875,0.687474936086108
0.59228515625,0.6806142575229305
0.5927734375,0.6758152968508347
0.59326171875,0.6798542361147344
0.59375,0.6810875830243522
0.59423828125,0.6841754080895598
0.5947265625,0.6836054471284153
0.59521484375,0.6870435283986852
0.595703125,0.688722731300325
0.59619140625,0.6856618614557989
0.5966796875,0.6895596124570914
0.59716796875,0.6936699152184922
0.59765625,0.6913001845525858
0.59814453125,0.6887821439634391
0.5986328125,0.6841554413249694
0.59912109375,0.6803598232341452
0.599609375,0.6796233057866701
0.60009765625,0.6788946633142257
0.6005859375,0.6785791774278982
0.60107421875,0.6828014522317565
0.6015625,0.6825575841520853
0.60205078125,0.6863571343380107
0.6025390625,0.6869599288840158
0.60302734375,0.6829975405937806
0.603515625,0.6814494958121013
0.60400390625,0.6844199117431657
0.6044921875,0.683015707984302
0.60498046875,0.6857642916337479
0.60546875,0.6844862766348692
0.60595703125,0.68789102947232
0.6064453125,0.6918019649201147
0.60693359375,0.6891874835518434
0.607421875,0.6886770502730682
0.60791015625,0.6927725827975395
0.6083984375,0.6887715832432945
0.60888671875,0.6854055344222477
0.609375,0.6829149555708373
0.60986328125,0.6858409666417464
0.6103515625,0.6858293074345053
0.61083984375,0.684048667338337
0.611328125,0.6817689799457956
0.61181640625,0.6805691397331642
0.6123046875,0.6829184417166999
0.61279296875,0.677220362304874
0.61328125,0.6796095552589958
0.61376953125,0.6832223237617838
0.6142578125,0.6833039537540864
0.61474609375,0.6822987831573362
0.615234375,0.6796561735194965
0.61572265625,0.6807983458892528
0.6162109375,0.6759502849304623
0.61669921875,0.6788584679064731
0.6171875,0.6781130925166339
0.61767578125,0.6768668735210527
0.6181640625,0.6715787721762679
0.61865234375,0.6651970308766747
0.619140625,0.6661467736512939
0.61962890625,0.6601179123999769
0.6201171875,0.6575996780795149
0.62060546875,0.6539990472201559
0.62109375,0.6513036471645124
0.62158203125,0.6448132621641919
0.6220703125,0.6334106892896935
0.62255859375,0.6322520672143154
0.623046875,0.6309935485347078
0.62353515625,0.6290118835007464
0.6240234375,0.6295424106032352
0.62451171875,0.6305900514251049
0.625,0.6300660154531099
0.62548828125,0.6209284308645764
0.6259765625,0.6166993608033977
0.62646484375,0.6174282187299568
0.626953125,0.6142886369337992
0.62744140625,0.6038854926512919
0.6279296875,0.6023566407415428
0.62841796875,0.6043982562817918
0.62890625,0.6048530059189128
0.62939453125,0.6033436555326396
0.6298828125,0.6018414844243846
0.63037109375,0.6058281011414044
0.630859375,0.6143897295801882
0.63134765625,0.6193206022104104
0.6318359375,0.6248706733602745
0.63232421875,0.6146614518559953
0.6328125,0.6089309324742832
0.63330078125,0.5994981503834109
0.6337890625,0.5942947105279245
0.63427734375,0.5956595417068755
0.634765625,0.5997079621573197
0.63525390625,0.5997535211184034
0.6357421875,0.5945532492485109
0.63623046875,0.5811348336434471
0.63671875,0.5720512614995651
0.63720703125,0.5700375098211634
0.6376953125,0.5646981851553841
0.63818359375,0.560825326472269
0.638671875,0.5579168843111854
0.63916015625,0.5548801025909402
0.6396484375,0.5545358335292125
0.64013671875,0.5497787044882212
0.640625,0.5512622583539378
0.64111328125,0.55191377033992
0.6416015625,0.5583386095836208
0.64208984375,0.5558326074480865
0.642578125,0.5593938616438308
0.64306640625,0.5630535498804237
0.6435546875,0.5634152712213886
0.64404296875,0.5653515468953471
0.64453125,0.5594212976408062
0.64501953125,0.5606838831109257
0.6455078125,0.5569697344134783
0.64599609375,0.5529458806852536
0.646484375,0.5461804467041851
0.64697265625,0.5517846427539279
0.6474609375,0.5532507518137865
0.64794921875,0.5567255356095813
0.6484375,0.5549337912464929
0.64892578125,0.5566951642744673
0.6494140625,0.5572525140669459
0.64990234375,0.556453054712387
0.650390625,0.557114746018054
0.65087890625,0.5590477671170208
0.6513671875,0.5562070675632024
0.65185546875,0.5548928990913816
0.65234375,0.5512435456551114
0.65283203125,0.5499525103687377
0.6533203125,0.5479329723385032
0.65380859375,0.5467434277855403
0.654296875,0.5451534788879954
0.65478515625,0.5516346147806345
0.6552734375,0.5473625896257821
0.65576171875,0.5465639789091953
0.65625,0.5425013079989662
0.65673828125,0.5471305595269864
0.6572265625,0.5513000827413731
0.65771484375,0.553290352531895
0.658203125,0.5570820519075038
0.65869140625,0.5532131817536979
0.6591796875,0.548177580219615
0.65966796875,0.5423257336413994
0.66015625,0.5374040589355333
0.66064453125,0.5361304262231201
0.6611328125,0.5326900722290979
0.66162109375,0.5284824029134202
0.662109375,0.5222159390395992
0.66259765625,0.5180062428777451
0.6630859375,0.5173830967585187
0.66357421875,0.5181366958025824
0.6640625,0.5131331031971731
0.66455078125,0.5099090038745682
0.6650390625,0.512436427684156
0.66552734375,0.5097377463517828
0.666015625,0.5022785800534075
0.66650390625,0.4953748854913407
0.6669921875,0.48715191716755973
0.66748046875,0.48798115463344116
0.66796875,0.4871214259629892
0.66845703125,0.4831578087454987
0.6689453125,0.48589244744893867
0.66943359375,0.48687312955976886
0.669921875,0.4994535747629901
0.67041015625,0.501900473063334
0.6708984375,0.507276416102759
0.67138671875,0.5200998055130389
0.671875,0.5186593318428506
0.67236328125,0.521260835461834
0.6728515625,0.5204854261351864
0.67333984375,0.5202082353137782
0.673828125,0.5189214673587011
0.67431640625,0.5164315872574515
0.6748046875,0.5189795886974122
0.67529296875,0.5187486168458348
0.67578125,0.524746276958976
0.67626953125,0.5328040046087655
0.6767578125,0.5357273753799454
0.67724609375,0.5402365117845729
0.677734375,0.5417564911849323
0.67822265625,0.5422415985466588
0.6787109375,0.5420236499815909
0.67919921875,0.5391225116168741
0.6796875,0.5351943104605367
0.68017578125,0.5320216249322711
0.6806640625,0.535590633035679
0.68115234375,0.5346605599384301
0.681640625,0.5339534292242714
0.68212890625,0.5332399420163401
0.6826171875,0.5260218777348397
0.68310546875,0.5226890625200217
0.68359375,0.5235950982297587
0.68408203125,0.5204368597911492
0.6845703125,0.5189807366699362
0.68505859375,0.519377054012236
0.685546875,0.5206533464139169
0.68603515625,0.5179554532230549
0.6865234375,0.5134077499268469
0.68701171875,0.5139490272460868
0.6875,0.5136707537429434
0.68798828125,0.5115809354551059
0.6884765625,0.5053082347764695
0.68896484375,0.5031551131517265
0.689453125,0.4972533723210327
0.68994140625,0.5026723272139754
0.6904296875,0.5081607285929057
0.69091796875,0.5148352425925716
0.69140625,0.5180065946552048
0.69189453125,0.5179769781032356
0.6923828125,0.5232298395923529
0.69287109375,0.5208247616331848
0.693359375,0.515671636095055
0.69384765625,0.5147835841583401
0.6943359375,0.510596651186336
0.69482421875,0.5073284776046404
0.6953125,0.5099144349909006
0.69580078125,0.5187063841834769
0.6962890625,0.5272631461243339
0.69677734375,0.5314303293437349
0.697265625,0.5398383380044327
0.69775390625,0.5430853340604168
0.6982421875,0.5424318692468969
0.69873046875,0.5402454644358473
0.69921875,0.543832881802237
0.69970703125,0.5506294846951847
0.7001953125,0.5568930242956586
0.70068359375,0.5607044279574875
0.701171875,0.5637298246630387
0.70166015625,0.5603186418838162
0.7021484375,0.5644131501002236
0.70263671875,0.5683137534522754
0.703125,0.5733397141290418
0.70361328125,0.5775243850399554
0.7041015625,0.583426913172033
0.70458984375,0.5878474429807851
0.705078125,0.5942706832078742
0.70556640625,0.5934240720028905
0.7060546875,0.5960134624840575
0.70654296875,0.5984954036240326
0.70703125,0.5994660351253195
0.70751953125,0.5948161181711188
0.7080078125,0.5941548457402759
0.70849609375,0.5931674740745448
0.708984375,0.5988140150648571
0.70947265625,0.594369683412886
0.7099609375,0.5970028984099133
0.71044921875,0.5955671151783073
0.7109375,0.5953480426308375
0.71142578125,0.5996324339149308
0.7119140625,0.6046783768231028
0.71240234375,0.606426723467047
0.712890625,0.608297044702051
0.71337890625,0.6163210933783155
0.7138671875,0.6236205038936135
0.71435546875,0.6274232057480459
0.71484375,0.6294689443895014
0.71533203125,0.6336506546843199
0.7158203125,0.6369626090477194
0.71630859375,0.6399313660458622
0.716796875,0.641613481711574
0.71728515625,0.6355937907063341
0.7177734375,0.6324867834045577
0.71826171875,0.6286003997445653
0.71875,0.6294375238236055
0.71923828125,0.6298245687610239
0.7197265625,0.624702706305312
0.72021484375,0.6309117618733475
0.720703125,0.6263121744295911
0.72119140625,0.6327403077207941
0.7216796875,0.6361462536694985
0.72216796875,0.6374497182668706
0.72265625,0.6326535278404857
0.72314453125,0.6330047458466057
0.7236328125,0.6237324587719504
0.72412109375,0.6279760515835201
0.724609375,0.6256819878520709
0.72509765625,0.6250609629436332
0.7255859375,0.6245061707728611
0.72607421875,0.6292996193977367
0.7265625,0.6345997786394214
0.72705078125,0.6408538243350598
0.7275390625,0.643724481310471
0.72802734375,0.6482973789159961
0.728515625,0.6471876879655935
0.72900390625,0.643724014654036
0.7294921875,0.6441940456375579
0.72998046875,0.6442491130912492
0.73046875,0.6491858068884228
0.73095703125,0.6467034960433433
0.7314453125,0.6440471920787227
0.73193359375,0.6499534009051688
0.732421875,0.6516719234554567
0.73291015625,0.657165253009377
0.7333984375,0.6567712486875316
0.73388671875,0.6602252273267133
0.734375,0.6586471139940197
0.73486328125,0.6631792428951794
0.7353515625,0.6629412095820775
0.73583984375,0.6669602477293298
0.736328125,0.6724830315613094
0.73681640625,0.673316366068887
0.7373046875,0.6757863585561243
0.73779296875,0.67484041152015
0.73828125,0.6733565388172887
0.73876953125,0.6730812424729159
0.7392578125,0.6704487410075426
0.73974609375,0.6772149137702784
0.740234375,0.684930092806094
0.74072265625,0.6846455446834994
0.7412109375,0.682382211763935
0.74169921875,0.6845631821199291
0.7421875,0.6975380237395294
0.74267578125,0.7023140038834761
0.7431640625,0.7023854243856331
0.74365234375,0.7031419721722926
0.744140625,0.7003193798623215
0.74462890625,0.7023081540057589
0.7451171875,0.7060372977113974
0.74560546875,0.7083157449341557
0.74609375,0.7104149617085468
0.74658203125,0.7080753148433829
0.7470703125,0.7122663176010743
0.74755859375,0.7165433961379851
0.748046875,0.7168827418979389
0.74853515625,0.7192430379540463
0.7490234375,0.7192733895239577
0.74951171875,0.7160141612276676
0.75,0.7123410552734737
0.75048828125,0.7155612077897526
0.7509765625,0.7177559432107476
0.75146484375,0.7177244012956534
0.751953125,0.7233381296133804
0.75244140625,0.7233485582355614
0.7529296875,0.7165991193273789
0.75341796875,0.7210153931815105
0.75390625,0.7189906576351611
0.75439453125,0.7124208264491871
0.7548828125,0.7122195067047787
0.75537109375,0.7074576098127885
0.755859375,0.7142176386466711
0.75634765625,0.7213896087100353
0.7568359375,0.7263279612082947
0.75732421875,0.7286275130060269
0.7578125,0.7264608975517775
0.75830078125,0.7199631865467114
0.7587890625,0.7171491802186853
0.75927734375,0.7177520214524329
0.759765625,0.7135224580669564
0.76025390625,0.7191291488869057
0.7607421875,0.7123080194591884
0.76123046875,0.7100033264118544
0.76171875,0.7059892684957729
0.76220703125,0.704785071270857
0.7626953125,0.6991090635938326
0.76318359375,0.6952367820245643
0.763671875,0.6892754818145045
0.76416015625,0.6901676381621431
0.7646484375,0.6909801766012486
0.76513671875,0.6908021262239165
0.765625,0.6930126349536364
0.76611328125,0.6878518384099107
0.7666015625,0.6890130750004738
0.76708984375,0.6908797757736062
0.767578125,0.6946313264623698
0.76806640625,0.6947905141470164
0.7685546875,0.6904414665251641
0.76904296875,0.6873935072404912
0.76953125,0.6813568962838791
0.77001953125,0.6789130826756545
0.7705078125,0.6783211103184926
0.77099609375,0.6771820040750878
0.771484375,0.671917576470392
0.77197265625,0.6719715555140481
0.7724609375,0.6745935167930194
0.77294921875,0.6792948278723396
0.7734375,0.6868711598729991
0.77392578125,0.6852163066164869
0.7744140625,0.6818745340294475
0.77490234375,0.6861576246033565
0.775390625,0.6861911555932334
0.77587890625,0.6874412132061348
0.7763671875,0.6850875338934684
0.77685546875,0.6916711407190972
0.77734375,0.6976751538697625
0.77783203125,0.7009577079400592
0.7783203125,0.7053953834885798
0.77880859375,0.7062250617665028
0.779296875,0.700763029186697
0.77978515625,0.7016617906897346
0.7802734375,0.7032057706687971
0.78076171875,0.6921404778676874
0.78125,0.6892504695537549
0.78173828125,0.6882334990313336
0.7822265625,0.6864791044621827
0.78271484375,0.6861959500120511
0.783203125,0.6868654687403317
0.78369140625,0.6821333465771758
0.7841796875,0.6780101302160063
0.78466796875,0.6711421059733023
0.78515625,0.6685318667664379
0.78564453125,0.6619130235979211
0.7861328125,0.6603188544651561
0.78662109375,0.6593646311366747
0.787109375,0.6570502612606988
0.78759765625,0.656717181841655
0.7880859375,0.656933883406696
0.78857421875,0.6575068270226978
0.7890625,0.654950355228347
0.78955078125,0.6560850190289591
0.7900390625,0.6521964726508335
0.79052734375,0.6518806586219764
0.791015625,0.6579832613594765
0.79150390625,0.6512444834789155
0.7919921875,0.6504520038033055
0.79248046875,0.6501316494382609
0.79296875,0.6493557506744425
0.79345703125,0.6489031725467835
0.7939453125,0.6461394984703811
0.79443359375,0.6456605346798823
0.794921875,0.6411895131899462
0.79541015625,0.6390901009566906
0.7958984375,0.6425272060604792
0.79638671875,0.6491861094529084
0.796875,0.6519549606525991
0.79736328125,0.6565979098952625
0.7978515625,0.6572486483682674
0.79833984375,0.6636255092211745
0.798828125,0.661004990891573
0.79931640625,0.6692395593028249
0.7998046875,0.6716860491925808
0.80029296875,0.6711386428854746
0.80078125,0.6737077406334311
0.80126953125,0.680970769631677
0.8017578125,0.6861053784763929
0.80224609375,0.6835354615242204
0.802734375,0.6815846639242432
0.80322265625,0.6871514653104291
0.8037109375,0.6933387725695611
0.80419921875,0.6974916312469471
0.8046875,0.6994356123308864
0.80517578125,0.7042783209488446
0.8056640625,0.7158738195384481
0.80615234375,0.7168040676513135
0.806640625,0.7176822016017143
0.80712890625,0.7252064757212078
0.8076171875,0.7218797588473818
0.80810546875,0.7228755053149952
0.80859375,0.7241265009869793
0.80908203125,0.7220791380716176
0.8095703125,0.7241803833643635
0.81005859375,0.7268948684294545
0.810546875,0.7326669596543234
0.81103515625,0.7370758158590209
0.8115234375,0.7370261980459433
0.81201171875,0.7422297570753625
0.8125,0.7493306437752898
0.81298828125,0.752331866065176
0.8134765625,0.7492555428022617
0.81396484375,0.7514899949863394
0.814453125,0.7543454539273388
0.81494140625,0.7587838474752948
0.8154296875,0.7636985223934969
0.81591796875,0.7620889773140874
0.81640625,0.762171602584668
0.81689453125,0.7630753079696229
0.8173828125,0.7621258161026994
0.81787109375,0.7654414400179009
0.818359375,0.7617933400253524
0.81884765625,0.7625072901486828
0.8193359375,0.7571388461149696
0.81982421875,0.7594907258308585
0.8203125,0.7610640704629483
0.82080078125,0.7606872694850815
0.8212890625,0.7614655125606872
0.82177734375,0.759637711396765
0.822265625,0.7606521904277245
0.82275390625,0.7554372825634657
0.8232421875,0.7519180246476418
0.82373046875,0.7570099014532918
0.82421875,0.7588886529060451
0.82470703125,0.7564340309174132
0.8251953125,0.7512672926302691
0.82568359375,0.7501526436935935
0.826171875,0.7460914730740263
0.82666015625,0.7505079365548005
0.8271484375,0.7590937359530386
0.82763671875,0.7524813715134587
0.828125,0.746472630313544
0.82861328125,0.7434567135353274
0.8291015625,0.742458262341924
0.82958984375,0.7367719186719982
0.830078125,0.7306927900727178
0.83056640625,0.7228205655660555
0.8310546875,0.7250917728312127
0.83154296875,0.7234004780910215
0.83203125,0.7185693091206403
0.83251953125,0.7207576056551092
0.8330078125,0.7212525858255255
0.83349609375,0.7209350295630903
0.833984375,0.7169421066732254
0.83447265625,0.7159420090534894
0.8349609375,0.7159279497243202
0.83544921875,0.719982835706875
0.8359375,0.7169092229673305
0.83642578125,0.7202268960664093
0.8369140625,0.7224622004894101
0.83740234375,0.7204451958864396
0.837890625,0.7228161922611444
0.83837890625,0.7265923890608941
0.8388671875,0.724435565671196
0.83935546875,0.7265385529815676
0.83984375,0.7273824289837434
0.84033203125,0.7251655909321645
0.8408203125,0.7245856413216157
0.84130859375,0.7236194973717555
0.841796875,0.7272248390677837
0.84228515625,0.7275069864912486
0.8427734375,0.7219147027369082
0.84326171875,0.7208072206990835
0.84375,0.7166903308471518
0.84423828125,0.7114989520676062
0.8447265625,0.7174818120059294
0.84521484375,0.7287719679574796
0.845703125,0.7320489418639922
0.84619140625,0.740663490156823
0.8466796875,0.748590965470639
0.84716796875,0.7544334670223851
0.84765625,0.7579373472074542
0.84814453125,0.7576021008297313
0.8486328125,0.7594404379023495
0.84912109375,0.7658567847128819
0.849609375,0.7595657515823246
0.85009765625,0.7585358903839633
0.8505859375,0.7694661215509409
0.85107421875,0.7760921823322089
0.8515625,0.7820375167882601
0.85205078125,0.7839524170221708
0.8525390625,0.7888688808964769
0.85302734375,0.791477058547562
0.853515625,0.7888814907110374
0.85400390625,0.7889390043915057
0.8544921875,0.7910061810093045
0.85498046875,0.7949062197289187
0.85546875,0.794478672773265
0.85595703125,0.7956292536493558
0.8564453125,0.7996046131444913
0.85693359375,0.7962957544508129
0.857421875,0.8004218626142083
0.85791015625,0.8046730152272507
0.8583984375,0.8021526946777394
0.85888671875,0.8024212012331164
0.859375,0.8025194569528357
0.85986328125,0.7957984661022985
0.8603515625,0.7927623722214073
0.86083984375,0.7910818464286848
0.861328125,0.7933041725390123
0.86181640625,0.7898297162401233
0.8623046875,0.7841710493470978
0.86279296875,0.7770717322346616
0.86328125,0.7747168292598096
0.86376953125,0.7773675592029538
0.8642578125,0.7750246671037911
0.86474609375,0.7811104497582365
0.865234375,0.7778573666224093
0.86572265625,0.7736372308614129
0.8662109375,0.770794762283694
0.86669921875,0.7728020686587679
0.8671875,0.7769752781991575
0.86767578125,0.7778363418777774
0.8681640625,0.776022875414807
0.86865234375,0.7727379363383013
0.869140625,0.7741736005793087
0.86962890625,0.7727648717962178
0.8701171875,0.7787092977634348
0.87060546875,0.7834322766624782
0.87109375,0.7834926449196808
0.87158203125,0.7803322553770553
0.8720703125,0.7788816763358976
0.87255859375,0.7798806040503297
0.873046875,0.779834118886306
0.87353515625,0.7846025997305822
0.8740234375,0.7838935328947277
0.87451171875,0.7838907278826722
0.875,0.7832802743289957
0.87548828125,0.7825376346014814
0.8759765625,0.7834411817874497
0.87646484375,0.7867025401407043
0.876953125,0.7900520048303524
0.87744140625,0.7821582667753931
0.8779296875,0.7832547474250526
0.87841796875,0.7897250612839716
0.87890625,0.7930665206554147
0.87939453125,0.7922891668819407
0.8798828125,0.7885439108972009
0.88037109375,0.785101522453109
0.880859375,0.7824512750957542
0.88134765625,0.7801824770219646
0.8818359375,0.7769844789837203
0.88232421875,0.7783682945951016
0.8828125,0.7782767869951428
0.88330078125,0.7690967357310687
0.8837890625,0.7676986807830666
0.88427734375,0.7605108247069614
0.884765625,0.758059302031035
0.88525390625,0.7618878201186937
0.8857421875,0.7578803263818712
0.88623046875,0.7554545555654946
0.88671875,0.7517430598302443
0.88720703125,0.7475304315310186
0.8876953125,0.7442286567175376
0.88818359375,0.746675839016687
0.888671875,0.7398970221716055
0.88916015625,0.7372322039049919
0.8896484375,0.7324179627864751
0.89013671875,0.7307633021783209
0.890625,0.7312115617877576
0.89111328125,0.723994839470947
0.8916015625,0.7210463316036654
0.89208984375,0.722046341542628
0.892578125,0.7184063203767141
0.89306640625,0.7181340016231267
0.8935546875,0.7162314262471283
0.89404296875,0.7175627973164564
0.89453125,0.719161703211327
0.89501953125,0.7185588352134853
0.8955078125,0.7187976056421393
0.89599609375,0.7211650282374709
0.896484375,0.7212157795636065
0.89697265625,0.7193969694500169
0.8974609375,0.7224808181233167
0.89794921875,0.7282265225604553
0.8984375,0.7320714356771585
0.89892578125,0.7361675537802091
0.8994140625,0.7368077010839179
0.89990234375,0.7375617846460047
0.900390625,0.7387379015711758
0.90087890625,0.7440795637878468
0.9013671875,0.7488538995900482
0.90185546875,0.7509256370585109
0.90234375,0.753920449911715
0.90283203125,0.7627191699835963
0.9033203125,0.766626126991787
0.90380859375,0.7734026196375692
0.904296875,0.7743377058901585
0.90478515625,0.7755249217889498
0.9052734375,0.7787629692431314
0.90576171875,0.7781718026691012
0.90625,0.7786539684991985
0.90673828125,0.7749360650435471
0.9072265625,0.7723567092235039
0.90771484375,0.7720581220469215
0.908203125,0.7765793847582805
0.90869140625,0.7800993106380629
0.9091796875,0.7745615258812905
0.90966796875,0.7717991760183073
0.91015625,0.7738728692283557
0.91064453125,0.7744711663438498
0.9111328125,0.7768392360313098
0.91162109375,0.7778218662933213
0.912109375,0.7802800164658481
0.91259765625,0.7882978226885331
0.9130859375,0.7915812033990586
0.91357421875,0.7943518729235896
0.9140625,0.794637096800634
0.91455078125,0.7910890986568512
0.9150390625,0.7940317627718343
0.91552734375,0.7996547135427156
0.916015625,0.8005507159277887
0.91650390625,0.7969096685926104
0.9169921875,0.7998720071237562
0.91748046875,0.8050216574300968
0.91796875,0.8094168052855456
0.91845703125,0.8135889196876659
0.9189453125,0.8228618761612992
0.91943359375,0.822582286910297
0.919921875,0.8227484569056436
0.92041015625,0.8219706638989704
0.9208984375,0.8250047080987021
0.92138671875,0.8230010048982903
0.921875,0.8144108816888652
0.92236328125,0.8138750311806211
0.9228515625,0.812925260841304
0.92333984375,0.8123170884306756
0.923828125,0.8167246663621799
0.92431640625,0.8175026888943465
0.9248046875,0.8198722080913428
0.92529296875,0.8192713972310393
0.92578125,0.8222198595123664
0.92626953125,0.8234663659791354
0.9267578125,0.8280422800749362
0.92724609375,0.8274665439781207
0.927734375,0.8224592098400169
0.92822265625,0.8184570914000265
0.9287109375,0.8139576388464747
0.92919921875,0.8101393024732493
0.9296875,0.8044423524471888
0.93017578125,0.8132327131267564
0.9306640625,0.8152501007901929
0.93115234375,0.8244591739165932
0.931640625,0.8302824653109194
0.93212890625,0.8318566485301175
0.9326171875,0.8282026166946028
0.93310546875,0.8278176054763331
0.93359375,0.8263161825197085
0.93408203125,0.8266693240695981
0.9345703125,0.8331479924402173
0.93505859375,0.8311904383623023
0.935546875,0.8309314596233099
0.93603515625,0.8330843821806896
0.9365234375,0.8319322018480017
0.93701171875,0.8365595691995525
0.9375,0.838400948051509
0.93798828125,0.8442649999633252
0.9384765625,0.852428118377626
0.93896484375,0.8586146199184481
0.939453125,0.8580312956327039
0.93994140625,0.8650700850165666
0.9404296875,0.8606163141302843
0.94091796875,0.862358509953704
0.94140625,0.8636731525339565
0.94189453125,0.8665687715867804
0.9423828125,0.8691140598858437
0.94287109375,0.8714679987259689
0.943359375,0.8678556485554406
0.94384765625,0.8729383719107908
0.9443359375,0.8786265676262399
0.94482421875,0.8797215926707719
0.9453125,0.8794953688217328
0.94580078125,0.8785299176377735
0.9462890625,0.8793555670836916
0.94677734375,0.8711637216517708
0.947265625,0.8638986918207635
0.94775390625,0.8613694366736807
0.9482421875,0.8526674575649459
0.94873046875,0.8459957571515007
0.94921875,0.844275255812598
0.94970703125,0.839568409859932
0.9501953125,0.8391289674441127
0.95068359375,0.8390619224249253
0.951171875,0.8386470747506856
0.95166015625,0.8341641588191292
0.9521484375,0.8332872892657375
0.95263671875,0.837728497758543
0.953125,0.8435481744539788
0.95361328125,0.8504468095140949
0.9541015625,0.8599281502204776
0.95458984375,0.8625186608120248
0.955078125,0.8674012744741418
0.95556640625,0.8664481466407848
0.9560546875,0.8679010394754186
0.95654296875,0.8665860050838504
0.95703125,0.8619770626410865
0.95751953125,0.8603829581129345
0.9580078125,0.8581792398786302
0.95849609375,0.8587098601975923
0.958984375,0.860035965790639
0.95947265625,0.8543607193586366
0.9599609375,0.8522899261172979
0.96044921875,0.8514892672920955
0.9609375,0.855693025980835
0.96142578125,0.8613582001201207
0.9619140625,0.8680740237396845
0.96240234375,0.8720669845965151
0.962890625,0.8697507346581794
0.96337890625,0.8722548107103099
0.9638671875,0.8710388815248828
0.96435546875,0.8694540891800553
0.96484375,0.8774077367114939
0.96533203125,0.88088257385179
0.9658203125,0.8864462234706888
0.96630859375,0.8849479102141316
0.966796875,0.8920349530960865
0.96728515625,0.8935644348466174
0.9677734375,0.8913453170920893
0.96826171875,0.8862493872627315
0.96875,0.8817203151596821
0.96923828125,0.8719853284592217
0.9697265625,0.8710708263975311
0.97021484375,0.8784805806642627
0.970703125,0.8777511328182162
0.97119140625,0.8771569615853246
0.9716796875,0.875656063407256
0.97216796875,0.8700591170442834
0.97265625,0.8707558441483427
0.97314453125,0.8694319386006202
0.9736328125,0.8698944897766292
0.97412109375,0.8666339969716156
0.974609375,0.8639827837733647
0.97509765625,0.861525364693418
0.9755859375,0.8625065970023387
0.97607421875,0.8664525637855665
0.9765625,0.8657780307636154
0.97705078125,0.8645496080719085
0.9775390625,0.868954263116531
0.97802734375,0.8690930765819298
0.978515625,0.8703131389262764
0.97900390625,0.8674243201439504
0.9794921875,0.8679908207689776
0.97998046875,0.8701914885754267
0.98046875,0.8648662351451983
0.98095703125,0.8634786997109166
0.9814453125,0.8568208753271198
0.98193359375,0.8613353695187418
0.982421875,0.8611441293367706
0.98291015625,0.8512819277400967
0.9833984375,0.8560336458504462
0.98388671875,0.8625762407382789
0.984375,0.866041514363135
0.98486328125,0.8721731967153207
0.9853515625,0.8751281476049848
0.98583984375,0.8734976624593409
0.986328125,0.868837832726859
0.98681640625,0.8684443367469409
0.9873046875,0.8678978219378519
0.98779296875,0.8628198909803736
0.98828125,0.862590586818309
0.98876953125,0.860094790135007
0.9892578125,0.8581119517861133
0.98974609375,0.8530186479932592
0.990234375,0.8581456356287663
0.99072265625,0.8576333910146593
0.9912109375,0.854381350854351
0.99169921875,0.8514134649263813
0.9921875,0.8483687429972201
0.99267578125,0.8477153793161493
0.9931640625,0.8423333296679618
0.99365234375,0.8419436319537793
0.994140625,0.8403153965450013
0.99462890625,0.8376388046257444
0.9951171875,0.8404111116673778
0.99560546875,0.8356990066399395
0.99609375,0.8408018611194303
0.99658203125,0.8350874308394154
0.9970703125,0.8331301233028248
0.99755859375,0.8340232673238778
0.998046875,0.8377025764938153
0.99853515625,0.8426921059812337
0.9990234375,0.8411335503789823
0.99951171875,0.8447928891889246
1.0,0.8492993663785223
